{
  "controller/main.controller.js.map": 1748443476600,
  "controller/LoanStatusPage.controller.js": 1748435465026,
  "controller/profile.controller.js": 1748435456442,
  "controller/main.controller.js": 1748434189907,
  "controller/loanApplication.controller.js": 1748435487370,
  "controller/dashboard.controller.js": 1748434441446,
  "model/models.js": 1748432097446,
  "controller/LoanStatusDetails.controller.js": 1748435472986,
  "controller/LoanDetails.controller.js": 1748435331933,
  "controller/App.controller.js": 1748432097446,
  "controller/AdminAppliedLoans.controller.js": 1748435296416,
  "manifest.json": 1748435826482,
  "Component.js": 1748432097438,
  "controller/profile-dbg.controller.js": 1748435456442,
  "controller/profile.controller.js.map": 1748443476600,
  "controller/LoanStatusPage-dbg.controller.js": 1748435465026,
  "controller/LoanStatusPage.controller.js.map": 1748443476602,
  "controller/main-dbg.controller.js": 1748434189907,
  "i18n/i18n.properties": 1748432108774,
  "controller/loanApplication-dbg.controller.js": 1748435487370,
  "controller/loanApplication.controller.js.map": 1748443476627,
  "controller/dashboard-dbg.controller.js": 1748434441446,
  "controller/dashboard.controller.js.map": 1748443476606,
  "model/models-dbg.js": 1748432097446,
  "model/models.js.map": 1748443476603,
  "controller/LoanStatusDetails-dbg.controller.js": 1748435472986,
  "controller/LoanStatusDetails.controller.js.map": 1748443476611,
  "controller/LoanDetails-dbg.controller.js": 1748435331933,
  "controller/LoanDetails.controller.js.map": 1748443476608,
  "controller/App-dbg.controller.js": 1748432097446,
  "controller/App.controller.js.map": 1748443476608,
  "controller/AdminAppliedLoans-dbg.controller.js": 1748435296416,
  "controller/AdminAppliedLoans.controller.js.map": 1748443476627,
  "Component-dbg.js": 1748432097438,
  "Component.js.map": 1748443476610,
  "Component-preload.js": 1748443476736,
  "Component-preload.js.map": 1748443476736,
  "view/profile.view.xml": 1748435846995,
  "view/main.view.xml": 1748434235575,
  "view/loanApplication.view.xml": 1748435883171,
  "view/dashboard.view.xml": 1748434450122,
  "view/LoanStatusPage.view.xml": 1748435857247,
  "view/LoanStatusDetails.view.xml": 1748435864895,
  "view/LoanDetails.view.xml": 1748435874579,
  "view/App.view.xml": 1748432097450,
  "view/AdminAppliedLoans.view.xml": 1748435897927,
  "images/loanstatus.png": 1748435504835,
  "images/Tiny students sitting near books getting university degree.jpg": 1748434579211,
  "images/LTIMindtree.png": 1748434565375,
  "css/style.css": 1748434846211,
  "index.html": 1748432097438
}